,amenity,count
0, Wifi,1263
1, Smoke alarm,1228
2, Long term stays allowed,1226
3, Kitchen,1206
4, Heating,1171
5, Essentials,1140
6, Air conditioning,1109
7, Hangers,1104
8, Iron,1073
9, Washer,1069
10, Dryer,1037
11, Hot water,1016
12, Dedicated workspace,1001
13, Carbon monoxide alarm,999
14, Hair dryer,995
15, Dishes and silverware,930
16, Shampoo,900
17, Refrigerator,892
18,[TV,891
19, Microwave,831
20, Coffee maker,828
21, Fire extinguisher,796
22, Stove,783
23, Oven,756
24, Bed linens,681
25, Cooking basics],543
26, Dishwasher,536
27, Extra pillows and blankets,531
28, Patio or balcony,508
29, First aid kit,485
30, Free parking on premises,481
31, Cable TV,427
32, Paid parking off premises,414
33, Private entrance,413
34, Elevator,411
35, Luggage dropoff allowed,376
36, Garden or backyard,360
37, Gym],303
38, Cooking basics,292
39, Bathtub,273
40, Host greets you,263
41, Free street parking,237
42, Indoor fireplace,221
43, Lockbox,211
44, Paid parking on premises,208
45, Lock on bedroom door,207
46, BBQ grill,198
47, Pool,198
48, Keypad,166
49, Hot tub,156
